obstacle_count,average_time_to_target_sec
0,5.246666666666667
3,5.268813559322034
6,5.2927433628318585
9,5.320377358490567
12,5.327437185929648
15,5.353782383419689
